{
  "Sin": {
    "epochs": [],
    "train": {
      "accuracy": [
        0.51965,
        0.9158666666666667,
        0.9571333333333333,
        0.9699333333333333,
        0.9752666666666666,
        0.9800166666666666,
        0.9835166666666667,
        0.9859,
        0.9878833333333333,
        0.9894666666666667,
        0.9904166666666666,
        0.99125,
        0.99185,
        0.9927,
        0.9940166666666667,
        0.9941,
        0.9953166666666666,
        0.99555,
        0.9956666666666667,
        0.9967666666666667,
        0.9970666666666667,
        0.9971833333333333,
        0.99815,
        0.99855,
        0.9987,
        0.9986833333333334,
        0.9989333333333333,
        0.99915,
        0.99915,
        0.9992333333333333
      ],
      "loss": [
        0.000714201561609904,
        0.000137737255046765,
        0.00007067930387953917,
        0.000049435517005622386,
        0.00003997451408455769,
        0.00003286021879563729,
        0.000027438811461130777,
        0.000023525360971689225,
        0.00002073873756453395,
        0.00001839041837180654,
        0.000016682377426574627,
        0.00001529059928531448,
        0.00001386833880096674,
        0.000012520204515506823,
        0.000011438325606286526,
        0.000010487889451906085,
        0.000009218312256659071,
        0.000008741648906531434,
        0.000007992389580855767,
        0.0000069256681250408294,
        0.000006376580245948086,
        0.000006005353255507847,
        0.000005044896186639865,
        0.000004421405905547241,
        0.000004175410928049435,
        0.000003990505042020232,
        0.000003676814252200226,
        0.000003355454046201582,
        0.0000032002740462000173,
        0.000003039244500299295
      ]
    },
    "valid": {
      "accuracy": [
        0.8752,
        0.9536,
        0.9671,
        0.9736,
        0.9763,
        0.9779,
        0.9803,
        0.9814,
        0.9823,
        0.9828,
        0.9834,
        0.9831,
        0.9831,
        0.984,
        0.9836,
        0.9844,
        0.9843,
        0.9835,
        0.983,
        0.9836,
        0.9827,
        0.9844,
        0.9838,
        0.9836,
        0.9845,
        0.9847,
        0.9842,
        0.9844,
        0.9846,
        0.9851
      ],
      "loss": [
        0.000203505939245224,
        0.00008190542161464692,
        0.000056624506413936615,
        0.00004486917331814766,
        0.00003942144177854061,
        0.00003623693324625492,
        0.00003272238001227379,
        0.000030464846640825273,
        0.000029811909794807433,
        0.000029334717988967895,
        0.000028812848776578903,
        0.000028984031826257706,
        0.000028626232594251632,
        0.000026689590513706206,
        0.00002776084244251251,
        0.000025628760643303395,
        0.000026831054128706455,
        0.00002827494256198406,
        0.000028497719019651414,
        0.00002746558394283056,
        0.00002871360369026661,
        0.000027549542486667634,
        0.00002778796087950468,
        0.000029231751710176468,
        0.00002809292245656252,
        0.000026812641322612763,
        0.000029368212074041366,
        0.000028764838352799414,
        0.00002860862948000431,
        0.00002858742605894804
      ]
    }
  },
  "ReLU": {
    "epochs": [],
    "train": {
      "accuracy": [
        0.17308333333333334,
        0.15883333333333333,
        0.6103166666666666,
        0.8596833333333334,
        0.92545,
        0.9464833333333333,
        0.9585,
        0.9665333333333334,
        0.97025,
        0.9723666666666667,
        0.9744666666666667,
        0.97625,
        0.9761166666666666,
        0.9768333333333333,
        0.9779,
        0.978,
        0.9801833333333333,
        0.9822666666666666,
        0.9853833333333334,
        0.9865166666666667,
        0.98775,
        0.9883333333333333,
        0.9889166666666667,
        0.9895166666666667,
        0.9900833333333333,
        0.99015,
        0.9894833333333334,
        0.9880166666666667,
        0.9894,
        0.99075
      ],
      "loss": [
        0.001222439920902252,
        0.0011220912198225657,
        0.0005870309407512347,
        0.0002124792163570722,
        0.00011976975351572037,
        0.00008673303301135699,
        0.00006783777040739854,
        0.000055534404950837295,
        0.00004816178381443024,
        0.00004473741203546524,
        0.00004099938074747721,
        0.000037684823324282964,
        0.00003724505634357532,
        0.000036694508418440816,
        0.000034339938250680766,
        0.0000335798431498309,
        0.00003051358312368393,
        0.00002795352879911661,
        0.00002346101968238751,
        0.00002125313098852833,
        0.00001977478936314583,
        0.000018348937357465425,
        0.000017687385249882937,
        0.000016552447900176048,
        0.00001576107897174855,
        0.000015525399815912048,
        0.000016337831194202106,
        0.000017793180824567875,
        0.00001584717105142772,
        0.000014303348151346048
      ]
    },
    "valid": {
      "accuracy": [
        0.1037,
        0.347,
        0.8132,
        0.912,
        0.9392,
        0.9578,
        0.963,
        0.9674,
        0.969,
        0.9725,
        0.974,
        0.9713,
        0.9681,
        0.9716,
        0.9736,
        0.9748,
        0.9802,
        0.9783,
        0.981,
        0.9814,
        0.9817,
        0.9817,
        0.9825,
        0.9814,
        0.9801,
        0.9768,
        0.9794,
        0.9814,
        0.9808,
        0.9831
      ],
      "loss": [
        0.0011602445125579834,
        0.0009981195211410522,
        0.0002931117206811905,
        0.00013655421286821366,
        0.0000944723717868328,
        0.00006770722493529319,
        0.000056157267466187474,
        0.0000516503743827343,
        0.000047104566544294356,
        0.00004384514577686787,
        0.000041262394934892656,
        0.000046609221398830415,
        0.00005223546177148819,
        0.00004609797857701778,
        0.000043258020281791686,
        0.000040542706474661824,
        0.00003309539295732975,
        0.00003403263427317142,
        0.000031030301935970786,
        0.000030077389441430568,
        0.000030072455108165742,
        0.00003013322502374649,
        0.000029792989790439607,
        0.0000318493016064167,
        0.00003389599584043026,
        0.00003908633291721344,
        0.00003627403732389212,
        0.000031348610296845435,
        0.00003195143472403288,
        0.00003022925481200218
      ]
    }
  },
  "TanH": {
    "epochs": [],
    "train": {
      "accuracy": [
        0.5247166666666667,
        0.8998,
        0.93685,
        0.9524166666666667,
        0.9620166666666666,
        0.968,
        0.9726,
        0.9760333333333333,
        0.9788666666666667,
        0.9809666666666667,
        0.9828,
        0.9839,
        0.9843,
        0.9857666666666667,
        0.9875,
        0.9885666666666667,
        0.9894,
        0.9899666666666667,
        0.9904166666666666,
        0.9906333333333334,
        0.99075,
        0.9907833333333333,
        0.9908,
        0.9916333333333334,
        0.9933666666666666,
        0.9946,
        0.9951166666666666,
        0.99585,
        0.9962166666666666,
        0.99665
      ],