{"ReLU": {"epochs": [1, 2, 3, 4, 5, 6, 7, 8, 9, 10, 11, 12, 13, 14, 15, 16, 17, 18, 19, 20, 21, 22, 23, 24, 25, 26, 27, 28, 29, 30], "train": {"accuracy": [0.21696666666666667, 0.13388333333333333, 0.45011666666666666, 0.7957166666666666, 0.8896833333333334, 0.9303, 0.94675, 0.9593, 0.96415, 0.9693166666666667, 0.9727, 0.9779166666666667, 0.9797333333333333, 0.9811666666666666, 0.9813833333333334, 0.9831166666666666, 0.98475, 0.9857333333333334, 0.9859833333333333, 0.9873833333333333, 0.9884666666666667, 0.9889833333333333, 0.9889333333333333, 0.9893666666666666, 0.9890333333333333, 0.9897, 0.99025, 0.99065, 0.9907, 0.9901166666666666], "loss": [0.0012196419894695283, 0.0011343125621477762, 0.0007448110898335775, 0.0002942050004998843, 0.00016842179348071416, 0.00010845604638258616, 8.430263971289e-05, 6.485228911042213e-05, 5.772255063056946e-05, 5.0511803664267064e-05, 4.460497939338287e-05, 3.589499859760205e-05, 3.2464223044613994e-05, 3.005272417018811e-05, 2.9001292834679285e-05, 2.6491472901155553e-05, 2.3972040880471466e-05, 2.2367846841613453e-05, 2.1551009081304072e-05, 1.9219968281686307e-05, 1.766757775718967e-05, 1.6992379010965427e-05, 1.6491479271401962e-05, 1.620850342636307e-05, 1.6432866640388967e-05, 1.5457894435773295e-05, 1.493928184111913e-05, 1.4342541356260578e-05, 1.4411569262544314e-05, 1.4738963296016058e-05]}, "valid": {"accuracy": [0.0974, 0.2642, 0.7295, 0.8701, 0.9299, 0.9503, 0.9551, 0.9636, 0.9674, 0.962, 0.9753, 0.9775, 0.9792, 0.9784, 0.9797, 0.9786, 0.9776, 0.98, 0.9798, 0.9795, 0.9802, 0.9823, 0.9833, 0.9817, 0.9814, 0.9811, 0.9811, 0.9821, 0.9839, 0.9798], "loss": [0.001206656551361084, 0.0010466015100479126, 0.0003982196092605591, 0.00019672302603721619, 0.00011379518210887909, 8.066504001617432e-05, 7.112943828105926e-05, 5.813942030072212e-05, 5.056487023830414e-05, 5.992804020643234e-05, 4.128045588731766e-05, 3.7189274653792384e-05, 3.4111760929226875e-05, 3.3612389862537384e-05, 3.401346020400524e-05, 3.5564136132597925e-05, 3.573896065354347e-05, 3.320399820804596e-05, 3.4729909151792525e-05, 3.72158020734787e-05, 3.509905524551869e-05, 3.263009525835514e-05, 3.172595389187336e-05, 3.3310002833604815e-05, 3.250316344201565e-05, 3.466170653700829e-05, 3.386823758482933e-05, 3.439577855169773e-05, 3.1236612051725386e-05, 3.758615255355835e-05]}}, "Sin": {"epochs": [1, 2, 3, 4, 5, 6, 7, 8, 9, 10, 11, 12, 13, 14, 15, 16, 17, 18, 19, 20, 21, 22, 23, 24, 25, 26, 27, 28, 29, 30], "train": {"accuracy": [0.5172333333333333, 0.9132666666666667, 0.9557333333333333, 0.9689166666666666, 0.9771, 0.9813666666666667, 0.9846666666666667, 0.9873, 0.9888, 0.9899, 0.9911333333333333, 0.9923333333333333, 0.9931666666666666, 0.9935666666666667, 0.9943, 0.9953666666666666, 0.9964666666666666, 0.9968666666666667, 0.9972333333333333, 0.9975166666666667, 0.9977666666666667, 0.9974333333333333, 0.9974666666666666, 0.99815, 0.9983666666666666, 0.9986, 0.9990166666666667, 0.9992833333333333, 0.9995333333333334, 0.9996333333333334], "loss": [0.0007417367095748584, 0.00014216417819261552, 7.200829188028972e-05, 5.0628632803757986e-05, 3.816876665999492e-05, 3.151565430064996e-05, 2.655210153510173e-05, 2.276743398979306e-05, 2.0044194503376882e-05, 1.799295252809922e-05, 1.5926222379008928e-05, 1.3969927715758482e-05, 1.269821027914683e-05, 1.1905950928727785e-05, 1.0859103640541435e-05, 9.399024490267039e-06, 8.282490136722724e-06, 7.495153214161595e-06, 6.86473047050337e-06, 6.364494251708189e-06, 6.08733546299239e-06, 6.021000895028313e-06, 5.623813935865959e-06, 4.768688348121941e-06, 4.226101104480525e-06, 3.942684371334811e-06, 3.5082099881644052e-06, 3.049685414104412e-06, 2.7158280562919875e-06, 2.409973139098535e-06]}, "valid": {"accuracy": [0.8761, 0.9513, 0.9692, 0.9769, 0.9795, 0.9812, 0.9814, 0.9825, 0.9835, 0.9841, 0.9839, 0.9843, 0.9841, 0.9853, 0.985, 0.985, 0.9848, 0.9857, 0.9859, 0.9863, 0.9862, 0.9846, 0.9853, 0.9852, 0.9853, 0.9854, 0.9858, 0.9865, 0.9871, 0.9873], "loss": [0.00021346990168094634, 8.047614768147468e-05, 5.141032189130783e-05, 4.0517059341073036e-05, 3.532208576798439e-05, 3.162236362695694e-05, 3.00967987626791e-05, 2.8316585719585417e-05, 2.6600177586078644e-05, 2.558475472033024e-05, 2.584682032465935e-05, 2.5564122945070267e-05, 2.547084018588066e-05, 2.4104771949350835e-05, 2.3780745826661585e-05, 2.3912404105067253e-05, 2.4226778000593187e-05, 2.3753239400684834e-05, 2.3601030372083188e-05, 2.3397289216518403e-05, 2.2826878912746905e-05, 2.331444825977087e-05, 2.371286377310753e-05, 2.339870259165764e-05, 2.356773279607296e-05, 2.313105333596468e-05, 2.2981537878513335e-05, 2.2948773950338365e-05, 2.3158334381878375e-05, 2.3161123879253864e-05]}}, "Cos": {"epochs": [1, 2, 3, 4, 5, 6, 7, 8, 9, 10, 11, 12, 13, 14, 15, 16, 17, 18, 19, 20, 21, 22, 23, 24, 25, 26, 27, 28, 29, 30], "train": {"accuracy": [0.10563333333333333, 0.14086666666666667, 0.47575, 0.1408, 0.22495, 0.3665333333333333, 0.43755, 0.30798333333333333, 0.41281666666666667, 0.6346666666666667, 0.7468, 0.8118166666666666, 0.8468666666666667, 0.8671666666666666, 0.8812833333333333, 0.8914333333333333, 0.8993333333333333, 0.90545, 0.9115333333333333, 0.9188833333333334, 0.9201333333333334, 0.9227833333333333, 0.9244666666666667, 0.9304833333333333, 0.9339166666666666, 0.93675, 0.9372333333333334, 0.93895, 0.9453166666666667, 0.95045], "loss": [0.0011562813202540079, 0.0011445087631543477, 0.0008417075544595718, 0.0012964711348215738, 0.0010702069640159608, 0.0009076922218004863, 0.0008406029125054678, 0.000996799482901891, 0.0008320449233055115, 0.0005119170178969701, 0.0003627042144536972, 0.0002763838142156601, 0.0002272143875559171, 0.00019605119427045187, 0.00017449596077203752, 0.00015999481081962585, 0.0001497173234820366, 0.00014023471338053546, 0.0001299139853566885, 0.00012148073650896549, 0.00011805677612622578, 0.00011449354253709316, 0.00011063429974019527, 0.00010195228978991509, 9.699169285595418e-05, 9.215768898526827e-05, 9.048502407968044e-05, 8.721966339896123e-05, 7.937575293083986e-05, 7.135138728966315e-05]}, "valid": {"accuracy": [0.1028, 0.3009, 0.0504, 0.1367, 0.3936, 0.3917, 0.3826, 0.3658, 0.5451, 0.6975, 0.7845, 0.8252, 0.8443, 0.8564, 0.8628, 0.8678, 0.8701, 0.8708, 0.8717, 0.8719, 0.8753, 0.8692, 0.8716, 0.8728, 0.8751, 0.8793, 0.8781, 0.8766, 0.8774, 0.8744], "loss": [0.001151567268371582, 0.0010842447757720948, 0.0019483869552612304, 0.0011628523588180543, 0.0008532154321670532, 0.0008627322554588318, 0.0008766845226287842, 0.00090701984167099, 0.0006294767379760743, 0.00041754616498947144, 0.0003151176571846008, 0.00025923123955726623, 0.00023317524790763855, 0.00021430545449256896, 0.00020400442481040954, 0.0001985910803079605, 0.00019493905007839202, 0.0001936862915754318, 0.00019765866696834565, 0.00019553125500679016, 0.00019586275517940522, 0.000204500812292099, 0.00020666139125823975, 0.00020796085298061372, 0.00020460670590400696, 0.0002029286891222, 0.0002026148170232773, 0.0002089561939239502, 0.00020778184533119202, 0.00021500893235206603]}}, "TanH": {"epochs": [1, 2, 3, 4, 5, 6, 7, 8, 9, 10, 11, 12, 13, 14, 15, 16, 17, 18, 19, 20, 21, 22, 23, 24, 25, 26, 27, 28, 29, 30], "train": {"accuracy": [0.5631833333333334, 0.9013333333333333, 0.9388, 0.9525333333333333, 0.9615, 0.9678833333333333, 0.97305, 0.9757, 0.9782, 0.9806166666666667, 0.9826333333333334, 0.9837166666666667, 0.9849666666666667, 0.98555, 0.9865666666666667, 0.9877833333333333, 0.9892, 0.9899166666666667, 0.9906666666666667, 0.9911166666666666, 0.9912333333333333, 0.9915166666666667, 0.9928, 0.9934833333333334, 0.9936833333333334, 0.99415, 0.99475, 0.9952333333333333, 0.9957, 0.9961],