{"SinCos": {"epochs": [1, 2, 3, 4, 5, 6, 7, 8, 9, 10, 11, 12, 13, 14, 15, 16, 17, 18, 19, 20, 21, 22, 23, 24, 25, 26, 27, 28, 29, 30], "train": {"accuracy": [0.10605, 0.13083333333333333, 0.2969833333333333, 0.7450833333333333, 0.8721333333333333, 0.9413333333333334, 0.9615333333333334, 0.9697, 0.9744, 0.9771333333333333, 0.9793666666666667, 0.9815166666666667, 0.9833, 0.9845833333333334, 0.9854333333333334, 0.9862666666666666, 0.9870333333333333, 0.9877166666666667, 0.98835, 0.9891666666666666, 0.9897166666666667, 0.9901333333333333, 0.9904833333333334, 0.991, 0.9915666666666667, 0.9922333333333333, 0.9926666666666667, 0.993, 0.9933, 0.9937166666666667], "loss": [0.001151991581916809, 0.0011479098161061604, 0.0010277217924594879, 0.00038470864991346993, 0.00020282344321409862, 9.891377886136373e-05, 6.419250791271528e-05, 5.0446237872044244e-05, 4.294902744392554e-05, 3.7852400292952854e-05, 3.413954439262549e-05, 3.1092296230296294e-05, 2.8623766203721364e-05, 2.661884796495239e-05, 2.492798715829849e-05, 2.339952349041899e-05, 2.2016637834409873e-05, 2.0794778068860373e-05, 1.9706605033328137e-05, 1.8713937886059284e-05, 1.777790520961086e-05, 1.687564415236314e-05, 1.6013817784066e-05, 1.5218536679943403e-05, 1.4492180943489075e-05, 1.3826397884016236e-05, 1.321226223371923e-05, 1.2642243939141433e-05, 1.2112950440496207e-05, 1.1624543167029818e-05]}, "valid": {"accuracy": [0.1028, 0.1508, 0.5823, 0.8516, 0.9127, 0.9569, 0.9688, 0.9736, 0.9764, 0.9789, 0.9807, 0.9817, 0.9828, 0.9836, 0.9841, 0.9849, 0.9854, 0.9865, 0.9864, 0.9869, 0.9867, 0.987, 0.9872, 0.9871, 0.9871, 0.9869, 0.987, 0.987, 0.9872, 0.9875], "loss": [0.001150150990486145, 0.001142635440826416, 0.0006407026886940002, 0.00023118118941783906, 0.00014184762239456176, 6.974335759878159e-05, 5.101427286863327e-05, 4.293731525540352e-05, 3.8346444070339205e-05, 3.435521088540554e-05, 3.1383823230862617e-05, 2.9408863559365272e-05, 2.7731582149863244e-05, 2.641715258359909e-05, 2.5426222383975984e-05, 2.4574908800423146e-05, 2.373196892440319e-05, 2.2931538708508013e-05, 2.2296650893986226e-05, 2.191428691148758e-05, 2.158616203814745e-05, 2.1158125810325146e-05, 2.073702607303858e-05, 2.0371758565306664e-05, 2.0059260725975036e-05, 1.9788235984742643e-05, 1.955229714512825e-05, 1.9349540024995804e-05, 1.918137278407812e-05, 1.9056472554802894e-05]}}, "ReLU": {"epochs": [1, 2, 3, 4, 5, 6, 7, 8, 9, 10, 11, 12, 13, 14, 15, 16, 17, 18, 19, 20, 21, 22, 23, 24, 25, 26, 27, 28, 29, 30], "train": {"accuracy": [0.1792, 0.44845, 0.8284166666666667, 0.9281333333333334, 0.9542666666666667, 0.9679666666666666, 0.9745166666666667, 0.97805, 0.97965, 0.9807666666666667, 0.9833833333333334, 0.9856833333333334, 0.9872833333333333, 0.9880666666666666, 0.9889, 0.9894, 0.98955, 0.98975, 0.9899333333333333, 0.99075, 0.9923333333333333, 0.99225, 0.99235, 0.9927, 0.9928333333333333, 0.9929666666666667, 0.993, 0.9932333333333333, 0.9923, 0.992], "loss": [0.0011314894398053487, 0.0009290695170561473, 0.0002771696339050929, 0.0001154059195270141, 7.399623319506645e-05, 5.094871241599322e-05, 4.081009514629841e-05, 3.509205977121989e-05, 3.2327519108851754e-05, 3.07357918471098e-05, 2.7079346030950546e-05, 2.3482846623907485e-05, 2.102868693570296e-05, 1.909164016445478e-05, 1.7442027075837056e-05, 1.681540353844563e-05, 1.668385354181131e-05, 1.6143549947688975e-05, 1.5512281687309346e-05, 1.4287049897635976e-05, 1.2515126106639702e-05, 1.1937639970953265e-05, 1.1979145556688308e-05, 1.1180809698998928e-05, 1.1014110144848625e-05, 1.1011396270866195e-05, 1.0368311839799086e-05, 1.056911782361567e-05, 1.1250282855083545e-05, 1.2069654930382968e-05]}, "valid": {"accuracy": [0.5473, 0.7015, 0.8979, 0.9461, 0.9598, 0.9708, 0.9762, 0.9748, 0.9765, 0.9786, 0.981, 0.9816, 0.9813, 0.9827, 0.9828, 0.982, 0.9808, 0.9822, 0.9834, 0.9844, 0.9849, 0.9845, 0.9849, 0.9844, 0.9854, 0.9853, 0.9842, 0.9831, 0.9811, 0.9764], "loss": [0.0009742546916007996, 0.000496820992231369, 0.00016490806192159653, 8.28308030962944e-05, 6.234036833047867e-05, 4.4954863935709e-05, 3.8216373696923254e-05, 3.903810754418373e-05, 3.531267493963242e-05, 3.2080381363630296e-05, 2.9859763011336327e-05, 3.025816008448601e-05, 3.055240251123905e-05, 2.8947592340409757e-05, 2.806584034115076e-05, 2.9424361139535904e-05, 3.0295449495315552e-05, 2.8919409774243833e-05, 2.7331238798797132e-05, 2.6455955766141415e-05, 2.5355610996484757e-05, 2.5560268945991992e-05, 2.6176618412137032e-05, 2.8012985363602638e-05, 2.6761157251894472e-05, 2.650382537394762e-05, 3.0410943925380708e-05, 3.061317820101976e-05, 3.476481735706329e-05, 4.347323477268219e-05]}}, "Sin": {"epochs": [1, 2, 3, 4, 5, 6, 7, 8, 9, 10, 11, 12, 13, 14, 15, 16, 17, 18, 19, 20, 21, 22, 23, 24, 25, 26, 27, 28, 29, 30], "train": {"accuracy": [0.5431666666666667, 0.9179, 0.9587666666666667, 0.9705, 0.97685, 0.9807666666666667, 0.9841833333333333, 0.9866333333333334, 0.9882, 0.9892333333333333, 0.9909333333333333, 0.9919, 0.9928666666666667, 0.9932, 0.9949166666666667, 0.99595, 0.99655, 0.9969166666666667, 0.9969, 0.9973666666666666, 0.99815, 0.9980166666666667, 0.9978166666666667, 0.9985, 0.9988833333333333, 0.9989833333333333, 0.99915, 0.9992666666666666, 0.9992333333333333, 0.9993666666666666], "loss": [0.0007025127331415813, 0.0001357562094926834, 6.817377284169197e-05, 4.849403922756513e-05, 3.812887544433276e-05, 3.1623285015424095e-05, 2.660922473296523e-05, 2.2569806315004826e-05, 1.998942643404007e-05, 1.781033140917619e-05, 1.5696628484874962e-05, 1.4046281731377045e-05, 1.2631068316598733e-05, 1.1825797349835435e-05, 9.759321754487853e-06, 8.599793484124045e-06, 7.74652132143577e-06, 7.184475078247488e-06, 6.9240526917080085e-06, 6.135403830558062e-06, 5.409055653338631e-06, 5.272739042993635e-06, 4.9293735918278496e-06, 4.1862824116833505e-06, 3.7200781361510358e-06, 3.3782378848021227e-06, 3.1179924262687562e-06, 2.90511367105258e-06, 2.796035931290438e-06, 2.6567983421652267e-06]}, "valid": {"accuracy": [0.8803, 0.9536, 0.9689, 0.9737, 0.9773, 0.9791, 0.9803, 0.9819, 0.9823, 0.9832, 0.9836, 0.9838, 0.9839, 0.9845, 0.9847, 0.9848, 0.9846, 0.9846, 0.9847, 0.9842, 0.9837, 0.9841, 0.9847, 0.9843, 0.9848, 0.9853, 0.9852, 0.9854, 0.9856, 0.9854], "loss": [0.00020331167578697206, 7.825813964009285e-05, 5.272068530321121e-05, 4.335199184715748e-05, 3.714824244379997e-05, 3.311253935098648e-05, 3.152912259101868e-05, 3.018968962132931e-05, 2.8299663215875625e-05, 2.6476278901100157e-05, 2.553064078092575e-05, 2.6703761518001556e-05, 2.6815137639641763e-05, 2.458724696189165e-05, 2.4323643371462822e-05, 2.4070199206471443e-05, 2.3771542124450207e-05, 2.4337189458310603e-05, 2.5361949391663074e-05, 2.4019568599760532e-05, 2.4980501644313337e-05, 2.4749859981238843e-05, 2.5675349682569505e-05, 2.5248909555375576e-05, 2.521568965166807e-05, 2.5352236442267895e-05, 2.5542476773262025e-05, 2.5774046778678893e-05, 2.5073953345417975e-05, 2.5581647269427775e-05]}}, "Cos": {"epochs": [1, 2, 3, 4, 5, 6, 7, 8, 9, 10, 11, 12, 13, 14, 15, 16, 17, 18, 19, 20, 21, 22, 23, 24, 25, 26, 27, 28, 29, 30], "train": {"accuracy": [0.1067, 0.3451166666666667, 0.8294166666666667, 0.94, 0.9644833333333334, 0.9732833333333333, 0.9785833333333334, 0.9819833333333333, 0.98395, 0.9867666666666667, 0.9889, 0.9899166666666667, 0.9907333333333334, 0.9919833333333333, 0.9926166666666667, 0.9932666666666666, 0.9936666666666667, 0.9936166666666667, 0.9947833333333334, 0.9957333333333334, 0.9960833333333333, 0.9968166666666667, 0.9972833333333333, 0.99755, 0.9981666666666666, 0.9985333333333334, 0.9986666666666667, 0.9988, 0.999, 0.9990666666666667],